{
  "arms": [
    {
      "CR": 0.44285714285714284,
      "J": 0.2285714285714286,
      "SR": 0.5571428571428572,
      "V_full": 0.05714285714285714,
      "V_safe": 0.2571428571428571,
      "arm_id": "opt016_demo000",
      "demo_frac_objective_mass": 0.0,
      "final_CR": 1.0,
      "final_J": 0.0,
      "final_SR": 0.0,
      "final_V_full": 0.0,
      "final_V_safe": 0.0,
      "final_minimum_clearance": -0.012803178659236077,
      "final_round": 100,
      "final_timeout": 0.0,
      "minimum_clearance": 0.008513799816795424,
      "optimizer_steps_per_round": 16,
      "rollout_replicas": 8,
      "round": 5,
      "timeout": 0.0
    },
    {
      "CR": 0.4142857142857143,
      "J": 0.2285714285714286,
      "SR": 0.5857142857142857,
      "V_full": 0.12857142857142856,
      "V_safe": 0.34285714285714286,
      "arm_id": "opt016_demo0125",
      "demo_frac_objective_mass": 0.125,
      "final_CR": 0.2571428571428571,
      "final_J": 0.14285714285714285,
      "final_SR": 0.7428571428571429,
      "final_V_full": 0.08571428571428572,
      "final_V_safe": 0.5,
      "final_minimum_clearance": 0.021831466834258097,
      "final_round": 100,
      "final_timeout": 0.0,
      "minimum_clearance": 0.01003300304313165,
      "optimizer_steps_per_round": 16,
      "rollout_replicas": 8,
      "round": 11,
      "timeout": 0.0
    },
    {
      "CR": 0.15714285714285714,
      "J": 0.2571428571428572,
      "SR": 0.8428571428571429,
      "V_full": 0.14285714285714285,
      "V_safe": 0.4857142857142857,
      "arm_id": "opt016_demo0250",
      "demo_frac_objective_mass": 0.25,
      "final_CR": 0.2,
      "final_J": 0.14285714285714285,
      "final_SR": 0.8,
      "final_V_full": 0.05714285714285714,
      "final_V_safe": 0.45714285714285713,
      "final_minimum_clearance": 0.023509907182392355,
      "final_round": 100,
      "final_timeout": 0.0,
      "minimum_clearance": 0.023867878111895134,
      "optimizer_steps_per_round": 16,
      "rollout_replicas": 8,
      "round": 50,
      "timeout": 0.0
    },
    {
      "CR": 0.6571428571428571,
      "J": 0.2,
      "SR": 0.34285714285714286,
      "V_full": 0.014285714285714285,
      "V_safe": 0.1,
      "arm_id": "opt032_demo000",
      "demo_frac_objective_mass": 0.0,
      "final_CR": 1.0,
      "final_J": 0.0,
      "final_SR": 0.0,
      "final_V_full": 0.0,
      "final_V_safe": 0.0,
      "final_minimum_clearance": -0.014189251977814836,
      "final_round": 100,
      "final_timeout": 0.0,
      "minimum_clearance": 0.0013290030640937549,
      "optimizer_steps_per_round": 32,
      "rollout_replicas": 8,
      "round": 0,
      "timeout": 0.0
    },
    {
      "CR": 0.6571428571428571,
      "J": 0.2,
      "SR": 0.34285714285714286,
      "V_full": 0.014285714285714285,
      "V_safe": 0.1,
      "arm_id": "opt032_demo0125",
      "demo_frac_objective_mass": 0.125,
      "final_CR": 0.2714285714285714,
      "final_J": 0.19999999999999998,
      "final_SR": 0.7285714285714285,
      "final_V_full": 0.12857142857142856,
      "final_V_safe": 0.45714285714285713,
      "final_minimum_clearance": 0.017855621337039947,
      "final_round": 100,
      "final_timeout": 0.0,
      "minimum_clearance": 0.0013290030640937549,
      "optimizer_steps_per_round": 32,
      "rollout_replicas": 8,
      "round": 0,
      "timeout": 0.0
    },
    {
      "CR": 0.2571428571428571,
      "J": 0.2857142857142857,
      "SR": 0.7428571428571429,
      "V_full": 0.12857142857142856,
      "V_safe": 0.4,
      "arm_id": "opt032_demo0250",
      "demo_frac_objective_mass": 0.25,
      "final_CR": 0.2714285714285714,
      "final_J": 0.14285714285714285,
      "final_SR": 0.7285714285714285,
      "final_V_full": 0.05714285714285714,
      "final_V_safe": 0.4,
      "final_minimum_clearance": 0.021054324686976267,
      "final_round": 100,
      "final_timeout": 0.0,
      "minimum_clearance": 0.018181923916814054,
      "optimizer_steps_per_round": 32,
      "rollout_replicas": 8,
      "round": 25,
      "timeout": 0.0
    }
  ],
  "pareto_SR_J": [
    {
      "CR": 0.2571428571428571,
      "J": 0.2857142857142857,
      "SR": 0.7428571428571429,
      "V_full": 0.12857142857142856,
      "V_safe": 0.4,
      "arm_id": "opt032_demo0250",
      "demo_frac_objective_mass": 0.25,
      "minimum_clearance": 0.018181923916814054,
      "optimizer_steps_per_round": 32,
      "rollout_replicas": 8,
      "round": 25,
      "timeout": 0.0
    },
    {
      "CR": 0.15714285714285714,
      "J": 0.2571428571428572,
      "SR": 0.8428571428571429,
      "V_full": 0.14285714285714285,
      "V_safe": 0.4857142857142857,
      "arm_id": "opt016_demo0250",
      "demo_frac_objective_mass": 0.25,
      "minimum_clearance": 0.023867878111895134,
      "optimizer_steps_per_round": 16,
      "rollout_replicas": 8,
      "round": 50,
      "timeout": 0.0
    },
    {
      "CR": 0.12857142857142856,
      "J": 0.17142857142857143,
      "SR": 0.8714285714285714,
      "V_full": 0.1,
      "V_safe": 0.5428571428571428,
      "arm_id": "opt016_demo0250",
      "demo_frac_objective_mass": 0.25,
      "minimum_clearance": 0.02648469590969901,
      "optimizer_steps_per_round": 16,
      "rollout_replicas": 8,
      "round": 75,
      "timeout": 0.0
    }
  ],
  "selected": {
    "CR": 0.2571428571428571,
    "J": 0.2857142857142857,
    "SR": 0.7428571428571429,
    "V_full": 0.12857142857142856,
    "V_safe": 0.4,
    "arm_id": "opt032_demo0250",
    "demo_frac_objective_mass": 0.25,
    "final_CR": 0.2714285714285714,
    "final_J": 0.14285714285714285,
    "final_SR": 0.7285714285714285,
    "final_V_full": 0.05714285714285714,
    "final_V_safe": 0.4,
    "final_minimum_clearance": 0.021054324686976267,
    "final_round": 100,
    "final_timeout": 0.0,
    "minimum_clearance": 0.018181923916814054,
    "optimizer_steps_per_round": 32,
    "rollout_replicas": 8,
    "round": 25,
    "timeout": 0.0
  },
  "selection_rule": "J, SR, CR, timeout, clearance, earlier round, arm_id exact tie"
}
